source_url_or_reference,source_title,source_author_or_org,audit_date,reachability,metadata_action,audit_note
https://www.gq-magazine.co.uk/article/black-tie-guide,Black tie dress code explained,British GQ,2026-09-23,reachable_via_at_least_one_audit_method,frozen_metadata_preserved,Live page checked; mutable web content may differ from the frozen title or year.
https://www.gq-magazine.co.uk/article/how-to-dress-smart-casual,"A full, BS-free breakdown of how to do smart-casual",British GQ,2026-09-23,reachable_via_at_least_one_audit_method,frozen_metadata_preserved,Live page checked; mutable web content may differ from the frozen title or year.
https://www.gq-magazine.co.uk/article/how-to-wear-jeans-and-trainers,Guys can still get jeans and trainers wrong. Here's how to get it right,British GQ,2026-09-23,reachable_via_at_least_one_audit_method,frozen_metadata_preserved,Live page checked; mutable web content may differ from the frozen title or year.
https://www.gq-magazine.co.uk/article/how-to-wear-loafers,How to wear loafers and look like a grownup,British GQ,2026-09-23,reachable_via_at_least_one_audit_method,frozen_metadata_preserved,Live page checked; mutable web content may differ from the frozen title or year.
https://www.gq.com/story/business-casual-attire-for-men-explained,What Is Business Casual? The GQ Guide to Dressing for Work and Beyond,GQ,2026-09-23,reachable_via_at_least_one_audit_method,frozen_metadata_preserved,Live page checked; mutable web content may differ from the frozen title or year.
https://www.gq.com/story/how-to-pull-off-a-blazer-and-jeans,How to Pull Off a Blazer With Jeans in 2026,GQ,2026-09-23,reachable_via_at_least_one_audit_method,frozen_metadata_preserved,Live page checked; mutable web content may differ from the frozen title or year.
https://www.gq.com/story/how-your-hoodie-and-bomber-jacket-should-look,Here's How Your Hoodie and Bomber Jacket Should Look,GQ,2026-09-23,reachable_via_at_least_one_audit_method,frozen_metadata_preserved,Live page checked; mutable web content may differ from the frozen title or year.
https://www.gq.com/story/ultimate-wardrobe-spring-summer-edition,How to Build the Perfect Warm-Weather Wardrobe,GQ,2026-09-23,reachable_via_at_least_one_audit_method,frozen_metadata_preserved,Live page checked; mutable web content may differ from the frozen title or year.
https://www.masterclass.com/articles/how-to-match-clothes-using-the-color-wheel,How to Match Clothes Using the Color Wheel,MasterClass,2026-09-23,reachable_via_at_least_one_audit_method,frozen_metadata_preserved,Live page checked; mutable web content may differ from the frozen title or year.
https://www.vogue.co.uk/article/baggy-trousers-blazer-spring-outfit,Baggy Trousers And A Blazer Is Spring's Easiest Outfit Formula,British Vogue,2026-09-23,reachable_via_at_least_one_audit_method,frozen_metadata_preserved,Live page checked; mutable web content may differ from the frozen title or year.
https://www.vogue.co.uk/article/black-tie-dress-code,The Vogue Guide To A Black-Tie Dress Code,British Vogue,2026-09-23,reachable_via_at_least_one_audit_method,frozen_metadata_preserved,Live page checked; mutable web content may differ from the frozen title or year.
https://www.vogue.co.uk/article/how-to-style-a-suit,How To Style A Suit In 2024 According To The Street-Style Set,British Vogue,2026-09-23,reachable_via_at_least_one_audit_method,frozen_metadata_preserved,Live page checked; mutable web content may differ from the frozen title or year.
https://www.vogue.co.uk/article/how-to-style-trousers-for-autumn,How Vogue's Shopping Editor Is Styling Trousers For Autumn,British Vogue,2026-09-23,reachable_via_at_least_one_audit_method,frozen_metadata_preserved,Live page checked; mutable web content may differ from the frozen title or year.
https://www.vogue.com/article/celebrity-button-up-shirt-outfits,"10 Button-Up Shirt Outfits, Inspired by Celebs",Vogue,2026-09-23,reachable_via_at_least_one_audit_method,frozen_metadata_preserved,Live page checked; mutable web content may differ from the frozen title or year.
https://www.vogue.com/article/cigarette-jeans-and-90s-boots-are-a-winning-combo-for-spring,Cigarette Jeans and ’90s Boots Are a Winning Combo for Spring,Vogue,2026-09-23,reachable_via_at_least_one_audit_method,frozen_metadata_preserved,Live page checked; mutable web content may differ from the frozen title or year.
https://www.vogue.com/article/editors-summer-work-bags,The Summer Work Bags Vogue Editors Use Everyday,Vogue,2026-09-23,reachable_via_at_least_one_audit_method,frozen_metadata_preserved,Live page checked; mutable web content may differ from the frozen title or year.
https://www.vogue.com/article/heeled-sandal-outfits,11 Heeled Sandal Outfits Perfect for Spring and Summer,Vogue,2026-09-23,reachable_via_at_least_one_audit_method,frozen_metadata_preserved,Live page checked; mutable web content may differ from the frozen title or year.
https://www.vogue.com/article/how-to-style-a-button-up-shirt,How to Style a Button-Up Shirt This Summer–7 Foolproof Outfit Ideas,Vogue,2026-09-23,reachable_via_at_least_one_audit_method,frozen_metadata_preserved,Live page checked; mutable web content may differ from the frozen title or year.
https://www.vogue.com/article/how-to-style-knee-high-boots,How to Style Knee-High Boots—7 Fall-Ready Outfit Ideas,Vogue,2026-09-23,reachable_via_at_least_one_audit_method,frozen_metadata_preserved,Live page checked; mutable web content may differ from the frozen title or year.
https://www.vogue.com/article/how-to-style-low-heel-pumps,How to Style Low-Heel Pumps for Spring 2026,Vogue,2026-09-23,reachable_via_at_least_one_audit_method,frozen_metadata_preserved,Live page checked; mutable web content may differ from the frozen title or year.
https://www.vogue.com/article/how-to-style-wide-leg-jeans-street-style,"How to Style Wide-Leg Jeans, According to the Street-Style Set",Vogue,2026-09-23,reachable_via_at_least_one_audit_method,frozen_metadata_preserved,Live page checked; mutable web content may differ from the frozen title or year.
https://www.vogue.com/article/how-to-style-wide-leg-trousers,Wide-Leg Trousers Are a Vogue Office Favorite—7 Street Style-Approved Ways to Wear Them,Vogue,2026-09-23,reachable_via_at_least_one_audit_method,frozen_metadata_preserved,Live page checked; mutable web content may differ from the frozen title or year.
https://www.vogue.com/article/jessica-chastain-louis-vuitton-capucines-bag-celebrity-street-style,How to Wear Head-to-Toe Black? Jessica Chastain Proves It's All About the Statement Bag,Vogue,2026-09-23,reachable_via_at_least_one_audit_method,frozen_metadata_preserved,Live page checked; mutable web content may differ from the frozen title or year.
https://www.vogue.com/article/katie-holmes-makes-the-crop-top-wearable,Katie Holmes Makes the Crop Top Wearable,Vogue,2026-09-23,reachable_via_at_least_one_audit_method,frozen_metadata_preserved,Live page checked; mutable web content may differ from the frozen title or year.
https://www.vogue.com/article/shoes-to-wear-with-jeans,What Shoes Go With Those Jeans? This Shopping Guide Will Help You Decide,Vogue,2026-09-23,reachable_via_at_least_one_audit_method,frozen_metadata_preserved,Live page checked; mutable web content may differ from the frozen title or year.
https://www.vogue.com/article/spring-2026-handbag-trends,The Summer 2026 Handbag Trends Defining the Season,Vogue,2026-09-23,reachable_via_at_least_one_audit_method,frozen_metadata_preserved,Live page checked; mutable web content may differ from the frozen title or year.
https://www.vogue.com/article/summer-handbag-outfits,10 Chic Ways to Style Summer's Hero Handbags,Vogue,2026-09-23,reachable_via_at_least_one_audit_method,frozen_metadata_preserved,Live page checked; mutable web content may differ from the frozen title or year.
https://www.vogue.com/article/summer-sneaker-outfits,9 Summer Sneaker Outfits to Wear All Season Long,Vogue,2026-09-23,reachable_via_at_least_one_audit_method,frozen_metadata_preserved,Live page checked; mutable web content may differ from the frozen title or year.
https://www.vogue.com/article/t-shirt-outfits,The Best T-Shirt and Trouser Pairings for This Season’s Most Laidback Trend,Vogue,2026-09-23,reachable_via_at_least_one_audit_method,frozen_metadata_preserved,Live page checked; mutable web content may differ from the frozen title or year.
https://www.vogue.com/article/the-vogue-guide-to-formal-attire,The Vogue Guide to Formal Attire,Vogue,2026-09-23,reachable_via_at_least_one_audit_method,frozen_metadata_preserved,Live page checked; mutable web content may differ from the frozen title or year.
https://www.vogue.com/article/vogue-wardrobe-essentials-guide,The Wardrobe Essentials We’re Wearing in 2026,Vogue,2026-09-23,reachable_via_at_least_one_audit_method,frozen_metadata_preserved,Live page checked; mutable web content may differ from the frozen title or year.
https://www.vogue.com/article/wedge-sandal-outfits,How to Style the Wedge Sandal—10 Outfits to Recreate Now,Vogue,2026-09-23,reachable_via_at_least_one_audit_method,frozen_metadata_preserved,Live page checked; mutable web content may differ from the frozen title or year.
https://www.vogue.com/outfit-formulas,Outfit Formulas,Vogue,2026-09-23,reachable_via_at_least_one_audit_method,frozen_metadata_preserved,Live page checked; mutable web content may differ from the frozen title or year.
https://www.vogue.com/vogueworld/article/how-to-wear-crop-tops-to-the-office-summer-fashion,Does an Office-Appropriate Crop Top Exist?,Vogue,2026-09-23,reachable_via_at_least_one_audit_method,frozen_metadata_preserved,Live page checked; mutable web content may differ from the frozen title or year.
https://www.whowhatwear.com/best-t-shirt-outfits,These 6 T-Shirt Outfits That Are Chic Enough to Go Out In,Who What Wear,2026-09-23,reachable_via_at_least_one_audit_method,frozen_metadata_preserved,Live page checked; mutable web content may differ from the frozen title or year.
https://www.whowhatwear.com/fashion/outfit-ideas/chunky-boots-outfit-ideas,5 Chunky Boots Outfit Ideas to Copy This Winter,Who What Wear,2026-09-23,reachable_via_at_least_one_audit_method,frozen_metadata_preserved,Live page checked; mutable web content may differ from the frozen title or year.
https://www.whowhatwear.com/fashion/outfit-ideas/indigo-denim-outfits-2026,6 Perfect Spring Outfits to Wear With This Chic Denim Trend,Who What Wear,2026-09-23,reachable_via_at_least_one_audit_method,frozen_metadata_preserved,Live page checked; mutable web content may differ from the frozen title or year.
https://www.whowhatwear.com/fashion/shoes/biker-boots-outfits,5 Chic Biker Boot Outfits the Fashion Set Is Leaning Towards This Autumn,Who What Wear,2026-09-23,reachable_via_at_least_one_audit_method,frozen_metadata_preserved,Live page checked; mutable web content may differ from the frozen title or year.
https://www.whowhatwear.com/what-to-wear-with-brown-boots,What to Wear With Brown Boots: 20 Chic Brown-Boot Outfits,Who What Wear,2026-09-23,reachable_via_at_least_one_audit_method,frozen_metadata_preserved,Live page checked; mutable web content may differ from the frozen title or year.
